date,open,high,low,close,volume,barCount,WAP
2023-01-19,4.09,4.15,4.01,4.02,1486755.0,5662,
2023-01-20,4.24,4.44,4.14,4.34,2886862.0,10185,
2023-01-23,4.51,4.62,4.36,4.5,3209920.0,11605,
2023-01-24,4.46,4.73,4.37,4.44,1398743.0,5843,
2023-01-25,4.31,4.54,4.26,4.5,1263192.0,4823,
2023-01-26,4.63,4.68,4.3,4.54,2217171.0,7996,
2023-01-27,4.48,4.57,4.43,4.49,3684663.0,11356,
2023-01-30,4.47,4.59,4.4,4.46,1827010.0,6435,
2023-01-31,4.51,4.58,4.42,4.44,1759800.0,6116,
2023-02-01,4.45,4.79,4.4,4.76,3613661.0,13127,
2023-02-02,4.93,5.57,4.9,5.49,6535065.0,20530,
2023-02-03,5.26,5.72,5.22,5.5,3936498.0,13435,
2023-02-06,5.8,6.0,5.34,5.41,8334706.0,23150,
2023-02-07,5.44,5.46,4.95,5.15,4931371.0,15814,
2023-02-08,5.15,5.48,5.1,5.13,2773552.0,9014,
2023-02-09,5.21,5.22,4.66,4.69,4047587.0,11968,
2023-02-10,4.72,4.94,4.68,4.81,2207847.0,6689,
2023-02-13,4.87,4.91,4.68,4.89,2097802.0,7261,
2023-02-14,4.76,5.07,4.67,4.99,3284966.0,11575,
2023-02-15,5.0,5.65,5.0,5.65,4834798.0,14617,
2023-02-16,5.48,5.59,5.26,5.28,2677533.0,8210,
2023-02-17,5.17,5.2,4.8,4.88,2995013.0,10074,
2023-02-21,4.87,4.92,4.61,4.64,2181475.0,7764,
2023-02-22,4.68,4.78,4.55,4.76,1853161.0,7068,
2023-02-23,4.87,4.9,4.61,4.78,1923186.0,6734,
2023-02-24,4.6,4.7,4.51,4.57,1875068.0,7165,
2023-02-27,4.6,4.67,4.58,4.63,1081889.0,4025,
2023-02-28,4.65,4.82,4.59,4.74,1329376.0,5645,
2023-03-01,4.76,4.77,4.56,4.62,1479686.0,5482,
2023-03-02,4.54,4.77,4.46,4.76,1774490.0,6302,
2023-03-03,4.8,5.05,4.78,5.03,1979564.0,5929,
2023-03-06,5.07,5.21,4.9,4.93,1886694.0,5802,
2023-03-07,4.96,5.13,4.82,4.94,1846729.0,5866,
2023-03-08,4.97,5.15,4.86,5.06,1717541.0,5202,
2023-03-09,5.05,5.19,4.77,4.83,2785638.0,8587,
2023-03-10,4.83,4.84,4.49,4.56,3178340.0,9877,
2023-03-13,4.47,4.79,4.38,4.71,2979591.0,11293,
2023-03-14,4.77,4.93,4.73,4.79,1778185.0,6568,
2023-03-15,4.64,4.8,4.63,4.77,1832286.0,6185,
2023-03-16,4.77,4.88,4.68,4.8,1420792.0,4953,
2023-03-17,4.82,4.89,4.63,4.73,2022512.0,6362,
2023-03-20,4.72,4.76,4.61,4.61,1768152.0,5869,
2023-03-21,4.65,4.94,4.63,4.87,4512122.0,15971,
2023-03-22,4.88,4.98,4.65,4.65,2053911.0,7084,
2023-03-23,4.72,5.08,4.71,4.84,2917202.0,7711,
2023-03-24,4.84,4.96,4.74,4.88,1929247.0,6037,
2023-03-27,4.94,5.24,4.84,5.12,3243396.0,9066,
2023-03-28,5.12,5.13,4.65,4.7,3391555.0,10341,
2023-03-29,4.82,5.14,4.8,5.13,2818665.0,9263,
2023-03-30,5.2,5.35,5.04,5.08,3318240.0,10137,
2023-03-31,5.35,6.77,5.25,6.15,30765674.0,80733,
2023-04-03,6.27,6.54,5.91,6.15,8490488.0,28088,
2023-04-04,6.31,7.18,6.3,7.07,16656006.0,47385,
2023-04-05,7.21,7.21,6.41,6.66,9457929.0,28092,
2023-04-06,6.3,6.96,6.21,6.81,5743282.0,18433,
2023-04-10,6.84,7.0,6.64,6.85,4627511.0,14458,
2023-04-11,6.92,7.35,6.68,6.78,6201734.0,18087,
2023-04-12,7.04,7.06,6.51,6.59,3462456.0,11350,
2023-04-13,6.67,6.94,6.61,6.82,3195249.0,11204,
2023-04-14,6.71,6.96,6.53,6.71,2825149.0,10080,
2023-04-17,6.68,6.87,6.42,6.55,2718280.0,8889,
2023-04-18,6.59,6.61,6.27,6.4,2995349.0,10864,
2023-04-19,6.22,6.37,6.16,6.28,2166844.0,7590,
2023-04-20,6.07,6.24,6.0,6.1,2372609.0,7885,
2023-04-21,6.1,6.27,6.0,6.25,1892821.0,5961,
2023-04-24,6.28,6.34,5.82,5.84,4056332.0,12340,
2023-04-25,5.71,5.74,5.44,5.51,3205166.0,10252,
2023-04-26,5.52,5.6,5.37,5.4,2343695.0,8234,
2023-04-27,5.5,5.66,5.45,5.55,1853840.0,7014,
2023-04-28,5.6,5.6,5.41,5.51,2009467.0,7346,
2023-05-01,5.53,5.66,5.45,5.49,2501951.0,8508,
2023-05-02,5.45,5.59,5.3,5.31,2086441.0,8102,
2023-05-03,5.34,5.53,5.29,5.41,1945771.0,7215,
2023-05-04,5.45,5.6,5.38,5.57,2052841.0,7525,
2023-05-05,5.74,5.96,5.7,5.9,3350609.0,11210,
2023-05-08,6.13,6.24,6.0,6.15,3162411.0,10897,
2023-05-09,6.12,6.46,6.07,6.38,2909449.0,10094,
2023-05-10,6.54,6.97,6.43,6.95,4131156.0,13575,
2023-05-11,6.84,7.12,6.65,7.02,6232412.0,18724,
2023-05-12,6.39,6.66,6.0,6.35,7585298.0,24300,
2023-05-15,6.34,7.46,6.33,7.34,6782905.0,22742,
2023-05-16,7.04,8.06,7.02,7.99,10780524.0,36529,
2023-05-17,7.99,9.15,7.91,8.96,11906421.0,40143,
2023-05-18,8.98,9.45,8.53,9.09,12159915.0,40240,
2023-05-19,9.14,9.32,8.76,8.88,6054142.0,20868,
2023-05-22,9.01,11.32,8.89,10.86,23672013.0,73024,
2023-05-23,10.93,11.65,10.66,10.83,14284196.0,49730,
2023-05-24,9.68,10.36,9.15,10.24,12447137.0,38556,
2023-05-25,10.51,10.63,9.23,9.35,13821605.0,45725,
2023-05-26,9.48,10.22,9.45,10.0,9161138.0,33889,
2023-05-30,10.2,11.1,9.86,10.99,13098434.0,47954,
2023-05-31,10.53,11.07,10.31,10.79,7543605.0,27229,
2023-06-01,10.57,11.34,10.4,10.72,11815607.0,40605,
2023-06-02,10.63,10.7,9.06,9.22,14108360.0,44982,
2023-06-05,9.45,9.9,8.9,9.84,7599665.0,27910,
2023-06-06,9.55,10.05,9.3,9.81,6885543.0,23613,
2023-06-07,9.93,10.48,9.41,9.45,7738437.0,25684,
2023-06-08,9.64,10.87,9.45,10.65,10477105.0,32175,
2023-06-09,10.45,11.31,10.33,10.55,9286957.0,30094,
2023-06-12,10.65,11.22,10.25,10.54,7440422.0,23635,
2023-06-13,10.85,10.85,9.94,10.63,8724217.0,29413,
2023-06-14,10.52,11.56,9.72,9.94,17705096.0,53132,
2023-06-15,9.93,10.05,9.73,9.94,4391532.0,15185,
2023-06-16,10.12,10.17,9.62,9.7,4354502.0,14733,
2023-06-20,9.65,9.71,9.12,9.31,5252785.0,19456,
2023-06-21,9.15,9.38,8.83,9.22,5831476.0,21329,
2023-06-22,9.01,9.54,8.97,9.43,4483099.0,16072,
2023-06-23,10.06,10.67,9.2,9.37,14051723.0,43941,
2023-06-26,9.76,10.78,9.52,10.33,15497448.0,45514,
2023-06-27,10.46,10.88,10.26,10.81,6956516.0,24515,
2023-06-28,10.67,13.56,10.66,13.35,30654186.0,96890,
2023-06-29,13.2,14.07,12.86,13.53,13490708.0,46035,
2023-06-30,13.82,14.8,13.41,13.53,14465841.0,47719,
2023-07-03,13.79,14.3,13.32,13.5,4655199.0,17868,
2023-07-05,13.49,15.07,13.34,14.12,11630089.0,40420,
2023-07-06,13.86,13.89,12.69,13.29,8228678.0,27908,
2023-07-07,13.72,14.13,13.22,13.28,6733408.0,23748,
2023-07-10,13.5,14.15,12.93,14.03,7873171.0,24058,
2023-07-11,14.07,14.55,13.51,13.86,8967185.0,30385,
2023-07-12,14.17,14.83,13.61,14.72,10463776.0,33701,
2023-07-13,14.6,14.88,14.01,14.46,8250344.0,29113,
2023-07-14,14.62,15.36,13.41,13.55,11858790.0,41324,
2023-07-17,13.76,14.94,13.47,14.9,8289075.0,27959,
2023-07-18,14.8,15.85,14.78,15.71,11933656.0,43544,
2023-07-19,16.01,16.3,14.89,15.52,9927758.0,33651,
2023-07-20,15.38,16.08,14.77,14.92,6261479.0,24795,
2023-07-21,15.33,15.48,14.19,14.42,5603824.0,21700,
2023-07-24,14.58,14.8,14.15,14.39,3579198.0,13713,
2023-07-25,14.57,15.87,14.47,15.22,7705221.0,26901,
2023-07-26,15.43,16.38,14.93,16.19,8208297.0,28752,
2023-07-27,16.61,17.05,15.27,15.53,9243515.0,30599,
2023-07-28,15.86,18.01,15.77,17.93,12142378.0,44549,
2023-07-31,18.82,19.33,18.06,19.25,10118148.0,36856,
2023-08-01,18.48,20.14,18.43,19.86,11641715.0,43196,
2023-08-02,19.13,19.47,17.3,18.33,10980891.0,43523,
2023-08-03,18.0,19.02,17.85,18.29,6119093.0,23018,
2023-08-04,18.35,18.61,17.16,17.39,8840437.0,33755,
2023-08-07,17.41,17.41,15.0,15.58,12910156.0,48228,
2023-08-08,14.85,15.5,14.75,15.33,5917134.0,24255,
2023-08-09,15.84,15.84,14.1,14.49,9754158.0,36694,
2023-08-10,14.85,15.28,14.15,14.19,8455467.0,32599,
2023-08-11,14.94,17.74,14.91,15.71,46811857.0,121569,
2023-08-14,16.55,16.64,14.66,14.88,14016410.0,46786,
2023-08-15,14.73,16.78,14.53,15.56,23176051.0,61283,
2023-08-16,15.18,15.5,13.61,13.69,14216042.0,46995,
2023-08-17,14.02,14.02,13.0,13.01,9476818.0,33222,
2023-08-18,12.37,13.66,12.19,13.42,9383095.0,36592,
2023-08-21,13.72,14.49,13.35,14.42,7773666.0,25714,
2023-08-22,14.9,15.07,14.17,14.92,7601466.0,26168,
2023-08-23,14.79,16.27,14.64,16.1,7991996.0,26888,
2023-08-24,16.38,16.42,14.18,14.62,9581730.0,34218,
2023-08-25,14.66,15.34,14.19,14.67,8605432.0,31234,
2023-08-28,14.86,15.43,14.32,15.27,6584234.0,22270,
2023-08-29,15.14,16.6,14.95,16.5,9860905.0,32350,
2023-08-30,16.32,17.43,16.11,17.12,9630368.0,33248,
2023-08-31,17.12,17.53,16.56,17.19,5972773.0,21799,
2023-09-01,17.34,17.62,16.53,17.51,6367122.0,22298,
2023-09-05,17.28,19.07,17.27,18.97,10076717.0,37323,
2023-09-06,18.84,20.05,18.63,19.58,11067508.0,41192,
2023-09-07,18.52,18.52,16.6,17.49,13362933.0,49332,
2023-09-08,17.6,19.35,17.59,19.34,11085509.0,40814,
2023-09-11,19.2,19.77,18.76,19.68,8801375.0,31632,
2023-09-12,19.21,21.6,19.12,19.31,18385644.0,66172,
2023-09-13,19.37,19.96,18.57,18.69,10892016.0,41307,
2023-09-14,18.77,19.29,17.77,18.03,10029243.0,36766,
2023-09-15,17.97,18.07,16.75,17.08,10197521.0,40729,
2023-09-18,17.03,17.68,16.08,16.16,8436418.0,35358,
2023-09-19,16.35,16.6,15.72,15.78,7733616.0,31640,
2023-09-20,15.95,16.44,14.77,14.8,11578918.0,46092,
2023-09-21,14.4,14.65,13.51,13.53,12438368.0,48739,
2023-09-22,14.08,14.36,13.18,13.28,9310352.0,35016,
2023-09-25,13.21,13.65,12.96,13.41,6937520.0,25589,
2023-09-26,13.24,13.69,12.98,13.1,6746853.0,26212,
2023-09-27,13.33,14.52,13.25,14.24,12505209.0,46213,
2023-09-28,14.45,15.62,13.93,15.39,13250376.0,43232,
2023-09-29,15.49,15.88,14.59,14.88,10930318.0,39825,
2023-10-02,14.93,15.15,14.47,14.81,6258158.0,28319,
2023-10-03,14.47,14.63,13.7,13.92,6909630.0,26839,
2023-10-04,13.86,14.88,13.83,14.77,6935868.0,23069,
2023-10-05,14.5,14.87,14.17,14.69,4895047.0,17771,
2023-10-06,14.39,15.35,14.17,15.29,6811589.0,24820,
2023-10-09,14.42,15.13,14.33,14.64,7015289.0,26093,
2023-10-10,14.74,16.38,14.71,16.0,11446305.0,42072,
2023-10-11,16.19,16.6,15.32,15.69,7979494.0,31509,
2023-10-12,15.78,16.23,14.97,15.21,8330894.0,28918,
2023-10-13,15.01,15.23,14.18,14.29,6968899.0,25362,
2023-10-16,14.2,14.77,14.02,14.41,5560929.0,19141,
2023-10-17,14.12,14.71,13.81,14.38,5654763.0,22149,
2023-10-18,14.18,14.53,13.51,13.69,6562634.0,25826,
2023-10-19,13.79,14.07,13.33,13.47,6308943.0,25154,
2023-10-20,13.29,13.52,12.51,12.59,7857228.0,29240,
2023-10-23,12.34,12.88,11.83,12.64,8341013.0,32965,
2023-10-24,11.13,11.83,10.91,11.01,13888923.0,49107,
2023-10-25,11.15,11.21,10.27,10.4,10763180.0,42475,
2023-10-26,10.29,10.45,9.85,9.92,10292692.0,42704,
2023-10-27,10.2,10.39,10.06,10.14,6467442.0,28009,
2023-10-30,10.4,10.43,9.35,9.5,10186719.0,39734,
2023-10-31,9.44,9.72,9.23,9.64,5820662.0,23975,
2023-11-01,9.73,10.29,9.6,10.22,7450869.0,30763,
2023-11-02,10.92,11.34,10.75,11.14,9422506.0,36864,
2023-11-03,11.24,12.09,11.24,11.58,7761813.0,30739,
2023-11-06,11.81,11.92,10.96,11.21,5376295.0,21395,
2023-11-07,11.19,11.61,11.03,11.47,4730787.0,17857,
2023-11-08,11.56,11.57,11.1,11.41,5285067.0,21062,
2023-11-09,11.18,12.58,10.91,11.23,13231527.0,47119,
2023-11-10,11.27,11.27,10.15,10.66,9963343.0,40515,
2023-11-13,10.59,11.74,10.53,11.55,8431046.0,29584,
2023-11-14,11.87,12.74,11.66,12.69,8217579.0,33341,
2023-11-15,12.81,13.58,12.28,12.99,9529334.0,35515,
2023-11-16,12.79,12.79,12.06,12.2,5398750.0,19804,
2023-11-17,12.44,12.85,12.27,12.7,5776344.0,21301,
2023-11-20,12.86,13.29,12.75,12.85,4825659.0,17299,
2023-11-21,12.57,12.59,12.17,12.29,4119645.0,16633,
2023-11-22,12.53,13.38,12.21,12.42,6278233.0,20244,
2023-11-24,12.46,12.5,12.08,12.36,2493745.0,10330,
2023-11-27,12.19,12.6,12.03,12.1,4590298.0,19126,
2023-11-28,12.04,12.27,11.69,12.21,5417093.0,19591,
2023-11-29,12.62,13.24,12.37,12.48,7429941.0,24753,
2023-11-30,12.73,12.83,12.17,12.23,4768665.0,18038,
2023-12-01,12.21,13.66,11.92,13.61,8359342.0,27790,
2023-12-04,13.32,14.09,13.3,13.76,8073617.0,32278,
2023-12-05,13.55,13.6,12.88,13.01,5646882.0,18918,
2023-12-06,13.46,14.0,12.94,12.97,7022923.0,23949,
2023-12-07,13.05,13.21,12.65,13.2,4334810.0,16281,
2023-12-08,13.06,13.79,12.98,13.69,6898769.0,23795,
2023-12-11,13.17,13.4,12.66,13.05,8839445.0,29171,
2023-12-12,13.03,13.24,12.65,12.76,6261480.0,22607,
2023-12-13,12.75,13.43,12.27,13.43,9938013.0,36110,
2023-12-14,13.64,14.9,13.62,14.76,12841508.0,47221,
2023-12-15,14.63,15.5,14.59,14.93,10128602.0,39115,
2023-12-18,14.6,15.03,14.4,14.57,5456484.0,19308,
2023-12-19,14.68,15.23,14.23,14.32,6153208.0,20604,
2023-12-20,14.18,14.61,13.33,13.39,7057842.0,25726,
2023-12-21,13.83,14.0,13.51,13.79,3727733.0,14698,
2023-12-22,13.91,14.15,13.53,13.64,3912160.0,15210,
2023-12-26,13.67,13.74,13.0,13.52,7448140.0,22741,
2023-12-27,13.64,13.91,13.17,13.21,6151282.0,19585,
2023-12-28,13.15,13.4,13.02,13.23,4094552.0,14093,
2023-12-29,13.17,13.18,12.33,12.39,6863483.0,23349,
2024-01-02,12.35,12.59,12.1,12.16,4474568.0,17881,
2024-01-03,11.81,12.09,11.77,11.93,4720510.0,20138,
2024-01-04,12.06,12.61,11.85,12.28,5880783.0,22293,
2024-01-05,12.09,12.38,11.95,12.0,4742585.0,20848,
2024-01-08,12.12,12.73,12.02,12.64,4698913.0,18478,
2024-01-09,12.42,12.64,12.17,12.45,3981388.0,16039,
2024-01-10,12.46,12.49,11.61,12.09,5863650.0,22414,
2024-01-11,12.07,12.27,11.36,11.56,5504849.0,22826,
2024-01-12,11.75,11.97,11.37,11.4,3477948.0,14451,
2024-01-16,11.2,11.27,10.87,10.97,4499263.0,19998,
2024-01-17,10.7,10.89,10.46,10.85,3735516.0,18178,
2024-01-18,11.39,11.4,10.47,10.72,4500867.0,17784,
2024-01-19,10.84,10.86,10.32,10.85,4263536.0,18253,
2024-01-22,11.18,11.87,11.15,11.72,5729209.0,24299,
2024-01-23,12.1,12.12,11.54,11.75,3999274.0,16421,
2024-01-24,12.05,12.1,11.06,11.07,3902580.0,16198,
2024-01-25,11.45,11.99,11.16,11.28,5679567.0,21608,
2024-01-26,11.38,11.57,10.95,11.01,3664918.0,14983,
2024-01-29,10.89,11.22,10.75,11.21,3709623.0,13697,
2024-01-30,11.06,11.12,10.55,10.69,4423410.0,19377,
2024-01-31,10.62,10.94,10.27,10.27,3956796.0,17044,
2024-02-01,10.47,10.48,9.93,10.24,5007017.0,19417,
2024-02-02,10.02,10.34,9.89,10.27,4067418.0,16658,
2024-02-05,10.12,10.16,9.6,9.87,4417360.0,19179,
2024-02-06,9.9,10.46,9.79,10.44,4449152.0,18042,
2024-02-07,10.37,10.5,10.16,10.41,3607243.0,14806,
2024-02-08,10.45,10.99,10.38,10.9,4547235.0,17419,
2024-02-09,11.23,11.25,10.76,11.16,4343172.0,16882,
2024-02-12,11.13,12.03,11.06,11.62,6247975.0,24301,
2024-02-13,10.73,10.9,10.45,10.54,5712983.0,21792,
2024-02-14,10.94,10.98,10.5,10.93,4230173.0,16034,
2024-02-15,11.17,11.28,10.77,11.01,3961986.0,16228,
2024-02-16,11.26,11.26,10.7,10.82,4248273.0,16328,
2024-02-20,10.87,11.01,10.35,10.62,3696658.0,14791,
2024-02-21,10.42,10.71,10.35,10.63,3030147.0,13712,
2024-02-22,10.91,11.17,10.76,10.99,4472842.0,18896,
2024-02-23,11.11,11.12,10.53,10.65,3538618.0,15538,
2024-02-26,10.82,11.3,10.77,11.24,5255577.0,18925,
2024-02-27,11.43,11.68,11.24,11.57,5616444.0,21191,
2024-02-28,11.3,11.63,11.16,11.26,6393439.0,24580,
2024-02-29,11.71,11.72,10.2,10.36,13547478.0,46340,
2024-03-01,10.31,10.86,10.17,10.66,8391464.0,28280,
2024-03-04,10.49,10.66,9.85,10.09,8770746.0,32055,
2024-03-05,9.93,10.0,9.15,9.37,8797424.0,29508,
2024-03-06,9.89,10.16,9.31,9.92,7577882.0,27040,
2024-03-07,10.4,11.32,10.17,10.9,10755148.0,38617,
2024-03-08,11.16,12.32,10.8,10.81,14692042.0,57729,
2024-03-11,10.77,10.77,9.7,9.79,9747195.0,32041,
2024-03-12,10.01,10.25,9.61,9.87,6708366.0,22707,
2024-03-13,9.77,10.07,9.6,9.63,5992884.0,21504,
2024-03-14,9.68,9.7,9.11,9.2,6034593.0,21832,
2024-03-15,9.16,9.38,9.07,9.31,4802395.0,15630,
2024-03-18,9.39,9.68,9.07,9.54,4422361.0,15583,
2024-03-19,9.21,9.48,9.06,9.24,4725493.0,16561,
2024-03-20,9.17,9.59,9.09,9.58,4192282.0,14413,
2024-03-21,9.74,9.79,9.33,9.42,3850472.0,13761,
2024-03-22,9.38,9.55,9.26,9.39,2416469.0,9067,
2024-03-25,9.35,9.7,9.33,9.55,3193881.0,12222,
2024-03-26,9.62,9.69,9.1,9.11,3735499.0,12866,
2024-03-27,9.25,9.56,9.14,9.55,3283425.0,12672,
2024-03-28,9.49,10.01,9.41,9.99,4555244.0,14596,
2024-04-01,10.0,10.09,9.66,9.99,3520226.0,11508,
2024-04-02,9.63,9.73,9.26,9.36,4111070.0,13675,
2024-04-03,9.32,9.54,9.28,9.32,2556957.0,8981,
2024-04-04,9.47,9.72,9.09,9.12,3973565.0,12391,
2024-04-05,9.22,9.37,9.02,9.21,3281179.0,12436,
2024-04-08,9.27,9.36,8.32,8.37,10226350.0,31300,
2024-04-09,8.28,8.61,8.17,8.4,3833760.0,13889,
2024-04-10,8.0,8.25,7.94,8.0,4586874.0,15583,
2024-04-11,8.02,8.38,7.96,8.24,2856128.0,10119,
2024-04-12,8.08,8.23,7.93,8.03,2880075.0,10529,
2024-04-15,8.01,8.03,7.45,7.53,5269748.0,18538,
2024-04-16,7.32,7.72,7.26,7.52,4099697.0,15949,
2024-04-17,7.55,7.79,7.26,7.28,3036579.0,11065,
2024-04-18,7.28,7.59,7.14,7.37,2955600.0,12075,
2024-04-19,7.21,7.34,6.98,7.09,3774631.0,13175,
2024-04-22,7.18,7.62,7.12,7.49,4930427.0,16164,
2024-04-23,7.55,8.21,7.53,7.97,5520898.0,19820,
2024-04-24,8.16,8.37,8.01,8.2,4610468.0,16552,
2024-04-25,7.89,8.23,7.84,8.18,2495931.0,10411,
2024-04-26,8.22,8.97,8.15,8.97,5450535.0,18943,
2024-04-29,8.96,9.15,8.82,8.92,4782416.0,17398,
2024-04-30,8.73,8.8,8.52,8.55,2278758.0,7499,
2024-05-01,8.49,9.22,8.45,8.75,2870263.0,12108,
2024-05-02,9.09,9.14,8.66,9.0,2482863.0,9129,
2024-05-03,9.25,9.31,8.91,8.94,2952717.0,10716,
2024-05-06,9.17,9.33,9.14,9.28,2673448.0,9389,
2024-05-07,9.16,9.19,8.62,8.63,3253281.0,11510,
2024-05-08,8.6,8.8,8.48,8.78,2832086.0,10533,
2024-05-09,9.05,9.47,8.63,9.2,4908078.0,18148,
2024-05-10,9.21,9.31,8.61,8.71,2879664.0,9728,
2024-05-13,8.79,9.24,8.67,8.77,3807043.0,14234,
2024-05-14,8.96,9.42,8.96,9.22,4971916.0,18073,
2024-05-15,9.46,9.56,8.88,9.0,3450758.0,11400,
2024-05-16,8.97,9.02,8.7,8.71,2321387.0,8146,
2024-05-17,8.81,8.91,8.65,8.78,2115666.0,6803,
2024-05-20,8.81,9.01,8.72,8.88,3094132.0,9892,
2024-05-21,8.84,8.86,8.36,8.48,3777508.0,11236,
2024-05-22,8.49,8.86,8.46,8.6,2403477.0,8135,
2024-05-23,8.69,8.74,8.27,8.32,2904675.0,10984,
2024-05-24,8.44,8.56,8.37,8.43,1959240.0,7410,
2024-05-28,8.42,8.48,8.18,8.28,2609651.0,9118,
2024-05-29,8.1,8.22,8.03,8.14,2167574.0,8336,
2024-05-30,8.25,8.47,8.17,8.4,2472602.0,10108,
2024-05-31,8.51,8.62,8.09,8.15,1975305.0,7764,
2024-06-03,8.29,8.32,7.77,7.78,3138150.0,11348,
2024-06-04,7.78,7.91,7.67,7.71,2493893.0,9384,
2024-06-05,7.88,7.97,7.7,7.93,2289764.0,8486,
2024-06-06,7.86,7.87,7.7,7.83,1868149.0,7439,
2024-06-07,7.71,8.12,7.67,7.86,2714998.0,10107,
2024-06-10,7.8,8.31,7.74,8.22,2886817.0,10127,
2024-06-11,8.08,8.13,7.81,7.87,2263951.0,8858,
2024-06-12,8.16,8.37,7.93,7.95,2821922.0,12837,
2024-06-13,8.0,8.13,7.59,7.71,3190995.0,10169,
2024-06-14,7.59,7.77,7.55,7.7,2008772.0,6743,
2024-06-17,7.61,7.64,7.29,7.56,4397528.0,13717,
2024-06-18,7.33,7.41,7.18,7.21,3510303.0,10739,
2024-06-20,7.1,7.12,6.77,6.8,5958393.0,19955,
2024-06-21,6.75,6.81,6.33,6.76,6201988.0,18813,
2024-06-24,6.84,7.09,6.66,6.76,3500070.0,10791,
2024-06-25,6.83,6.84,6.58,6.59,2630179.0,9865,
2024-06-26,6.63,6.77,6.53,6.73,3437733.0,10864,
2024-06-27,6.8,7.15,6.66,7.1,3814348.0,12032,
2024-06-28,7.18,7.19,6.84,7.03,3851881.0,12986,
2024-07-01,7.07,7.12,6.79,6.84,2870318.0,10041,
2024-07-02,6.84,7.18,6.84,7.14,2603976.0,7967,
2024-07-03,7.14,7.32,7.06,7.17,1594939.0,5908,
2024-07-05,7.2,7.61,7.09,7.41,3338313.0,11150,
2024-07-08,7.52,7.8,7.49,7.67,3344316.0,10451,
2024-07-09,7.69,7.95,7.45,7.93,3097692.0,9920,
2024-07-10,7.93,8.46,7.76,8.45,5057246.0,15102,
2024-07-11,8.41,8.77,7.78,8.02,7768135.0,25248,
2024-07-12,8.17,8.45,8.0,8.45,4468996.0,14920,
2024-07-15,8.53,9.04,8.45,8.95,4948547.0,15800,
2024-07-16,9.0,9.05,8.63,9.03,4193793.0,13903,
2024-07-17,8.68,8.91,8.36,8.56,3443918.0,11913,
2024-07-18,8.63,8.84,8.08,8.21,3758346.0,12635,
2024-07-19,8.07,8.08,7.37,7.43,5081380.0,18360,
2024-07-22,7.68,8.08,7.54,8.08,3418586.0,12509,
2024-07-23,7.97,8.38,7.91,8.3,2882554.0,10190,
2024-07-24,8.14,8.37,7.62,7.62,3655216.0,12549,
2024-07-25,7.57,8.16,7.48,7.93,3138250.0,11304,
2024-07-26,8.12,8.27,7.82,8.21,3321006.0,10861,
2024-07-29,8.34,8.44,7.8,7.89,2625558.0,9349,
2024-07-30,7.94,8.0,7.61,7.8,2200959.0,7983,
2024-07-31,7.98,8.47,7.92,8.15,3251004.0,12425,
2024-08-01,8.03,8.1,7.38,7.52,3719149.0,13985,
2024-08-02,7.01,7.27,6.94,7.08,3629988.0,13315,
2024-08-05,6.27,6.93,6.22,6.57,5032516.0,19162,
2024-08-06,6.84,7.35,6.58,7.21,5102375.0,18358,
2024-08-07,7.34,7.37,6.78,6.8,4504371.0,16439,
2024-08-08,7.24,7.28,6.89,7.11,5073282.0,17334,
2024-08-09,7.2,7.52,6.94,7.12,3077438.0,11433,
2024-08-12,7.13,7.21,6.68,6.72,3884573.0,13361,
2024-08-13,6.85,7.32,6.77,7.28,3113542.0,10565,
2024-08-14,7.38,7.44,7.06,7.31,2372599.0,7676,
2024-08-15,7.43,7.66,7.39,7.42,2665934.0,9232,
2024-08-16,7.36,7.53,7.24,7.28,1907757.0,5931,
2024-08-19,7.32,7.33,7.13,7.29,1940192.0,5750,
2024-08-20,7.27,7.37,7.08,7.21,1838651.0,5313,
2024-08-21,7.3,7.79,7.25,7.77,3459374.0,11300,
2024-08-22,7.7,7.76,7.3,7.31,3097231.0,9925,
2024-08-23,7.37,7.68,7.34,7.38,3384906.0,12859,
2024-08-26,7.5,7.65,7.39,7.51,2703343.0,7854,
2024-08-27,7.41,7.47,7.1,7.28,2879767.0,10230,
2024-08-28,7.26,7.35,6.91,7.01,2797533.0,8657,
2024-08-29,7.23,7.54,7.18,7.32,2386462.0,8843,
2024-08-30,7.44,7.54,7.33,7.42,1802388.0,5558,
2024-09-03,7.3,7.37,6.94,6.96,3443540.0,10879,
2024-09-04,6.89,7.14,6.78,7.01,2465804.0,7829,
2024-09-05,7.03,7.24,6.98,7.04,1484919.0,4855,
2024-09-06,7.06,7.11,6.71,6.8,2916462.0,8261,
2024-09-09,6.95,7.0,6.55,6.62,3093014.0,8413,
2024-09-10,6.7,6.97,6.54,6.9,2928124.0,7882,
2024-09-11,6.87,7.31,6.8,7.23,3152698.0,10045,
2024-09-12,7.21,7.43,7.09,7.38,3010126.0,9661,
2024-09-13,7.4,7.83,7.4,7.76,3446124.0,10683,
2024-09-16,7.7,7.86,7.4,7.82,3099904.0,8920,
2024-09-17,7.92,8.25,7.87,8.12,3709176.0,10492,
2024-09-18,8.08,8.27,7.76,7.83,4051503.0,12656,
2024-09-19,8.13,8.18,7.64,7.72,3464224.0,10047,
2024-09-20,7.79,8.25,7.74,8.22,4343558.0,13175,
2024-09-23,8.23,8.52,7.98,8.01,4283334.0,11513,
2024-09-24,8.08,8.27,7.78,8.12,3335047.0,9431,
2024-09-25,8.08,8.09,7.5,7.59,4155258.0,9882,
2024-09-26,7.79,8.09,7.58,8.06,3352107.0,9305,
2024-09-27,8.9,10.0,8.58,9.71,37349045.0,93356,
2024-09-30,9.76,10.11,8.58,8.74,16929295.0,46159,
2024-10-01,8.89,8.97,8.04,8.17,10318854.0,30405,
2024-10-02,8.1,9.3,7.99,9.2,10827641.0,33070,
2024-10-03,9.02,9.36,8.79,9.25,7050668.0,20543,
2024-10-04,9.4,9.5,9.14,9.31,5844789.0,16174,
2024-10-07,9.49,9.61,8.85,9.07,7095630.0,19536,
2024-10-08,9.02,9.67,8.97,9.55,7020304.0,19602,
2024-10-09,9.59,9.74,9.27,9.54,5158748.0,14900,
2024-10-10,9.31,9.84,9.09,9.81,7579953.0,24264,
2024-10-11,9.66,10.72,9.62,10.66,9999104.0,30332,
2024-10-14,10.7,11.0,10.33,10.84,9025598.0,29056,
2024-10-15,10.71,11.31,10.36,10.49,10536102.0,30823,
2024-10-16,10.74,12.35,10.7,12.3,14362539.0,45287,
2024-10-17,11.69,12.67,11.62,12.5,10798863.0,36218,
2024-10-18,12.56,13.8,12.56,13.3,17656763.0,56171,
2024-10-21,13.22,15.23,12.99,14.76,25852062.0,79255,
2024-10-22,14.89,15.29,13.89,15.01,17913067.0,55495,
2024-10-23,14.62,16.13,14.07,14.74,25720691.0,82259,
2024-10-24,15.29,16.14,14.58,15.71,18748106.0,53461,
2024-10-25,15.8,17.05,15.71,16.96,21777449.0,66277,
2024-10-28,17.52,18.2,16.55,17.81,27185211.0,81112,
2024-10-29,17.5,17.8,15.73,16.74,27046463.0,82842,
2024-10-30,15.72,17.55,15.72,16.87,18715333.0,53389,
2024-10-31,16.71,16.98,14.75,15.03,19175209.0,59586,
2024-11-01,15.27,15.51,14.53,14.85,12670579.0,44615,
2024-11-04,14.9,15.11,14.15,14.37,9948804.0,34364,
2024-11-05,14.79,15.55,14.63,15.35,10359378.0,32300,
2024-11-06,16.73,16.83,15.85,16.45,11646728.0,41966,
2024-11-07,16.43,22.62,16.29,22.11,59940149.0,176909,
2024-11-08,21.69,25.68,21.31,24.79,55119735.0,189438,
2024-11-11,24.39,24.49,21.3,23.52,27881468.0,100343,
2024-11-12,22.0,25.44,22.0,23.01,22319073.0,74056,
2024-11-13,23.95,27.65,23.67,26.76,32508633.0,113138,
2024-11-14,27.9,28.05,24.87,26.16,25635717.0,96080,
2024-11-15,26.29,29.48,25.03,29.14,30997931.0,110508,
2024-11-18,28.15,28.47,22.27,25.23,44334785.0,155772,
2024-11-19,25.2,28.3,24.87,27.89,23530065.0,83494,
2024-11-20,27.91,30.5,27.42,28.86,21941004.0,71789,
2024-11-21,28.8,33.81,28.48,32.78,36544886.0,131333,
2024-11-22,32.49,33.07,30.3,31.8,21916490.0,76319,
2024-11-25,33.93,35.24,30.46,30.88,23628808.0,91488,
2024-11-26,30.5,32.86,29.7,30.65,17381296.0,69613,
2024-11-27,31.1,32.37,28.32,32.21,18832421.0,61749,
2024-11-29,32.21,37.28,31.96,36.5,18538167.0,67973,
2024-12-02,36.54,37.0,31.77,32.06,20801338.0,76218,
2024-12-03,31.8,33.68,30.82,32.79,14818697.0,56423,
2024-12-04,32.68,34.95,31.17,33.42,13733141.0,47802,
2024-12-05,33.95,37.64,32.65,35.95,23608898.0,84513,
2024-12-06,36.31,38.45,34.9,37.97,15764908.0,53125,
2024-12-09,38.0,38.25,34.16,34.24,17151728.0,60410,
2024-12-10,33.0,36.75,32.62,32.97,19052082.0,65608,
2024-12-11,32.99,32.99,28.04,29.83,27706053.0,94299,
2024-12-12,29.31,32.78,28.94,29.99,16840942.0,60186,
2024-12-13,30.23,34.04,29.52,33.83,19380381.0,65668,
2024-12-16,32.47,42.81,32.39,41.81,34413456.0,124045,
2024-12-17,41.64,43.94,39.25,43.84,22164255.0,87031,
2024-12-18,41.65,44.99,37.0,37.5,26881990.0,96457,
2024-12-19,40.71,42.4,36.54,37.76,21513368.0,76786,
2024-12-20,37.3,47.41,36.7,44.42,36903358.0,137080,
2024-12-23,45.33,45.5,41.3,41.32,19757814.0,73694,
2024-12-24,41.99,45.4,39.84,44.58,14308930.0,54870,
2024-12-26,44.5,48.56,42.56,48.24,19412109.0,65366,
2024-12-27,46.87,48.25,44.5,45.48,16938124.0,58915,
2024-12-30,44.6,45.79,41.51,44.29,12953338.0,49458,
2024-12-31,44.52,45.14,40.9,41.77,11324560.0,40254,
2025-01-02,41.28,43.79,38.46,43.1,17527925.0,66871,
2025-01-03,43.1,47.91,43.0,47.77,22606997.0,87646,
2025-01-06,48.3,51.66,47.13,51.07,17427720.0,67669,
2025-01-07,51.28,54.74,48.73,49.59,18313705.0,73509,
2025-01-08,38.75,39.0,25.92,30.25,98486155.0,345897,
2025-01-10,31.99,33.98,28.51,32.33,49085075.0,171555,
2025-01-13,29.43,32.83,27.16,27.86,37003497.0,130933,
2025-01-14,28.2,30.2,26.62,29.51,33069833.0,127140,
2025-01-15,32.78,40.5,32.41,39.39,56378276.0,201873,
2025-01-16,36.77,42.0,36.13,41.55,32981094.0,122905,
2025-01-17,40.03,42.35,39.11,39.23,21421290.0,78031,
